{"periods":[{"period_number":1,"biomass":[90.0,90.0],"actors":[{"name":"FE1","information":[{"name":"site1","activated":[{"name":"set1","layers_act":[{"name":"layer1","heuristics":[{"name":"HS1_L1_H1","antecedents":[{"const":0,"sign":">=","param":"total_biomass"}],"consequent_param":"biomass_threshold","consequent":0.0,"is_action":false,"is_collective":false}]},{"name":"layer2","heuristics":[{"name":"HS1_L2_H1","antecedents":[{"const":0,"sign":">=","param":"biomass_threshold"}],"consequent_param":"harvest_percentage","consequent":0.0,"is_action":false,"is_collective":false}]}],"layers":null,"take_actions":[{"param":"wealth","value":0.0}]}]},{"name":"site2","activated":[{"name":"set1","layers_act":[{"name":"layer1","heuristics":[{"name":"HS1_L1_H1","antecedents":[{"const":0,"sign":">=","param":"total_biomass"}],"consequent_param":"biomass_threshold","consequent":0.0,"is_action":false,"is_collective":false}]},{"name":"layer2","heuristics":[{"name":"HS1_L2_H1","antecedents":[{"const":0,"sign":">=","param":"biomass_threshold"}],"consequent_param":"harvest_percentage","consequent":0.0,"is_action":false,"is_collective":false}]}],"layers":null,"take_actions":[{"param":"wealth","value":0.0}]}]}]},{"name":"HM6","information":[{"name":"-","activated":[{"name":"set1","layers_act":[{"name":"layer1","heuristics":[{"name":"HS1_L1_H1","antecedents":[{"const":true,"sign":"==","param":"is_active"}],"consequent_param":"income","consequent":0.0,"is_action":false,"is_collective":false}]}],"layers":null,"take_actions":[{"param":"income","value":0.0}]}]}]},{"name":"HM1","information":[{"name":"-","activated":[{"name":"set1","layers_act":[{"name":"layer1","heuristics":[{"name":"HS1_L1_H1","antecedents":[{"const":true,"sign":"==","param":"is_active"}],"consequent_param":"income","consequent":0.0,"is_action":false,"is_collective":false}]}],"layers":null,"take_actions":[{"param":"income","value":0.0}]},{"name":"set2","layers_act":[{"name":"layer1","heuristics":[{"name":"HS2_L1_H1","antecedents":[{"const":700,"sign":"<=","param":"price_of_timber"}],"consequent_param":"expenses","consequent":600.0,"is_action":true,"is_collective":false}]}],"layers":null,"take_actions":[{"param":"expenses","value":600.0}]}]}]},{"name":"HM5","information":[{"name":"-","activated":[{"name":"set1","layers_act":[{"name":"layer1","heuristics":[{"name":"HS1_L1_H6","antecedents":[{"const":18,"sign":">=","param":"age"},{"const":60,"sign":"<=","param":"age"},{"const":false,"sign":"==","param":"disability"},{"const":200000,"sign":">=","param":"savings"}],"consequent_param":"income","consequent":320000.0,"is_action":true,"is_collective":true}]}],"layers":null,"take_actions":[{"param":"income","value":320000.0}]}]}]},{"name":"HM2","information":[{"name":"-","activated":[{"name":"set1","layers_act":[{"name":"layer1","heuristics":[{"name":"HS1_L1_H1","antecedents":[{"const":true,"sign":"==","param":"is_active"}],"consequent_param":"income","consequent":0.0,"is_action":false,"is_collective":false}]}],"layers":null,"take_actions":[{"param":"income","value":0.0}]}]}]},{"name":"HM7","information":[{"name":"-","activated":[{"name":"set1","layers_act":[{"name":"layer1","heuristics":[{"name":"HS1_L1_H7","antecedents":[{"const":8,"sign":">=","param":"age"},{"const":70,"sign":"<=","param":"age"},{"const":false,"sign":"==","param":"disability"}],"consequent_param":"income","consequent":10000.0,"is_action":true,"is_collective":false}]}],"layers":null,"take_actions":[{"param":"income","value":10000.0}]}]}]},{"name":"HM4","information":[{"name":"-","activated":[{"name":"set1","layers_act":[{"name":"layer1","heuristics":[{"name":"HS1_L1_H6","antecedents":[{"const":18,"sign":">=","param":"age"},{"const":60,"sign":"<=","param":"age"},{"const":false,"sign":"==","param":"disability"},{"const":200000,"sign":">=","param":"savings"}],"consequent_param":"income","consequent":320000.0,"is_action":true,"is_collective":true}]}],"layers":null,"take_actions":[{"param":"income","value":320000.0}]},{"name":"set2","layers_act":[{"name":"layer1","heuristics":[{"name":"HS2_L1_H1","antecedents":[{"const":700,"sign":"<=","param":"price_of_timber"}],"consequent_param":"expenses","consequent":600.0,"is_action":true,"is_collective":false}]}],"layers":null,"take_actions":[{"param":"expenses","value":600.0}]}]}]},{"name":"HM3","information":[{"name":"-","activated":[{"name":"set1","layers_act":[{"name":"layer1","heuristics":[{"name":"HS1_L1_H4","antecedents":[{"const":60,"sign":">=","param":"age"}],"consequent_param":"income","consequent":18000.0,"is_action":true,"is_collective":false}]}],"layers":null,"take_actions":[{"param":"income","value":18000.0}]}]}]}]},{"period_number":2,"biomass":[97.2,97.2],"actors":[{"name":"FE1","information":[{"name":"site1","activated":[{"name":"set1","layers_act":[{"name":"layer1","heuristics":[{"name":"HS1_L1_H2","antecedents":[{"const":199,"sign":">=","param":"total_biomass"}],"consequent_param":"biomass_threshold","consequent":100.0,"is_action":true,"is_collective":false}]},{"name":"layer2","heuristics":[{"name":"HS1_L2_H2","antecedents":[{"const":100,"sign":"==","param":"biomass_threshold"}],"consequent_param":"harvest_percentage","consequent":10.0,"is_action":true,"is_collective":false}]}],"layers":null,"take_actions":[{"param":"wealth","value":10.8}]}]},{"name":"site2","activated":[{"name":"set1","layers_act":[{"name":"layer1","heuristics":[{"name":"HS1_L1_H2","antecedents":[{"const":199,"sign":">=","param":"total_biomass"}],"consequent_param":"biomass_threshold","consequent":100.0,"is_action":true,"is_collective":false}]},{"name":"layer2","heuristics":[{"name":"HS1_L2_H2","antecedents":[{"const":100,"sign":"==","param":"biomass_threshold"}],"consequent_param":"harvest_percentage","consequent":10.0,"is_action":true,"is_collective":false}]}],"layers":null,"take_actions":[{"param":"wealth","value":10.8}]}]}]},{"name":"HM6","information":[{"name":"-","activated":[{"name":"set1","layers_act":[{"name":"layer1","heuristics":[{"name":"HS1_L1_H7","antecedents":[{"const":8,"sign":">=","param":"age"},{"const":70,"sign":"<=","param":"age"},{"const":false,"sign":"==","param":"disability"}],"consequent_param":"income","consequent":10000.0,"is_action":true,"is_collective":false}]}],"layers":null,"take_actions":[{"param":"income","value":10000.0}]}]}]},{"name":"HM4","information":[{"name":"-","activated":[{"name":"set1","layers_act":[{"name":"layer1","heuristics":[{"name":"HS1_L1_H6","antecedents":[{"const":18,"sign":">=","param":"age"},{"const":60,"sign":"<=","param":"age"},{"const":false,"sign":"==","param":"disability"},{"const":200000,"sign":">=","param":"savings"}],"consequent_param":"income","consequent":320000.0,"is_action":true,"is_collective":true}]}],"layers":null,"take_actions":[{"param":"income","value":320000.0}]},{"name":"set2","layers_act":[{"name":"layer1","heuristics":[{"name":"HS2_L1_H1","antecedents":[{"const":700,"sign":"<=","param":"price_of_timber"}],"consequent_param":"expenses","consequent":600.0,"is_action":true,"is_collective":false}]}],"layers":null,"take_actions":[{"param":"expenses","value":600.0}]}]}]},{"name":"HM7","information":[{"name":"-","activated":[{"name":"set1","layers_act":[{"name":"layer1","heuristics":[{"name":"HS1_L1_H7","antecedents":[{"const":8,"sign":">=","param":"age"},{"const":70,"sign":"<=","param":"age"},{"const":false,"sign":"==","param":"disability"}],"consequent_param":"income","consequent":10000.0,"is_action":true,"is_collective":false}]}],"layers":null,"take_actions":[{"param":"income","value":10000.0}]}]}]},{"name":"HM3","information":[{"name":"-","activated":[{"name":"set1","layers_act":[{"name":"layer1","heuristics":[{"name":"HS1_L1_H4","antecedents":[{"const":60,"sign":">=","param":"age"}],"consequent_param":"income","consequent":18000.0,"is_action":true,"is_collective":false}]}],"layers":null,"take_actions":[{"param":"income","value":18000.0}]}]}]},{"name":"HM1","information":[{"name":"-","activated":[{"name":"set1","layers_act":[{"name":"layer1","heuristics":[{"name":"HS1_L1_H2","antecedents":[{"const":18,"sign":">=","param":"age"},{"const":60,"sign":"<=","param":"age"},{"const":"male","sign":"==","param":"gender"},{"const":false,"sign":"==","param":"disability"},{"const":true,"sign":"==","param":"FE1_job_available"}],"consequent_param":"income","consequent":33000.0,"is_action":true,"is_collective":false}]}],"layers":null,"take_actions":[{"param":"income","value":33000.0}]},{"name":"set2","layers_act":[{"name":"layer1","heuristics":[{"name":"HS2_L1_H1","antecedents":[{"const":700,"sign":"<=","param":"price_of_timber"}],"consequent_param":"expenses","consequent":600.0,"is_action":true,"is_collective":false}]}],"layers":null,"take_actions":[{"param":"expenses","value":600.0}]}]}]},{"name":"HM2","information":[{"name":"-","activated":[{"name":"set1","layers_act":[{"name":"layer1","heuristics":[{"name":"HS1_L1_H1","antecedents":[{"const":true,"sign":"==","param":"is_active"}],"consequent_param":"income","consequent":0.0,"is_action":false,"is_collective":false}]}],"layers":null,"take_actions":[{"param":"income","value":0.0}]}]}]},{"name":"HM5","information":[{"name":"-","activated":[{"name":"set1","layers_act":[{"name":"layer1","heuristics":[{"name":"HS1_L1_H6","antecedents":[{"const":18,"sign":">=","param":"age"},{"const":60,"sign":"<=","param":"age"},{"const":false,"sign":"==","param":"disability"},{"const":200000,"sign":">=","param":"savings"}],"consequent_param":"income","consequent":320000.0,"is_action":true,"is_collective":true}]}],"layers":null,"take_actions":[{"param":"income","value":320000.0}]}]}]}]},{"period_number":3,"biomass":[96.23,96.23],"actors":[{"name":"FE1","information":[{"name":"site1","activated":[{"name":"set1","layers_act":[{"name":"layer1","heuristics":[{"name":"HS1_L1_H2","antecedents":[{"const":199,"sign":">=","param":"total_biomass"}],"consequent_param":"biomass_threshold","consequent":100.0,"is_action":true,"is_collective":false}]},{"name":"layer2","heuristics":[{"name":"HS1_L2_H2","antecedents":[{"const":100,"sign":"==","param":"biomass_threshold"}],"consequent_param":"harvest_percentage","consequent":10.0,"is_action":true,"is_collective":false}]}],"layers":null,"take_actions":[{"param":"wealth","value":10.692000000000002}]}]},{"name":"site2","activated":[{"name":"set1","layers_act":[{"name":"layer1","heuristics":[{"name":"HS1_L1_H2","antecedents":[{"const":199,"sign":">=","param":"total_biomass"}],"consequent_param":"biomass_threshold","consequent":100.0,"is_action":true,"is_collective":false}]},{"name":"layer2","heuristics":[{"name":"HS1_L2_H2","antecedents":[{"const":100,"sign":"==","param":"biomass_threshold"}],"consequent_param":"harvest_percentage","consequent":10.0,"is_action":true,"is_collective":false}]}],"layers":null,"take_actions":[{"param":"wealth","value":10.692000000000002}]}]}]},{"name":"HM3","information":[{"name":"-","activated":[{"name":"set1","layers_act":[{"name":"layer1","heuristics":[{"name":"HS1_L1_H4","antecedents":[{"const":60,"sign":">=","param":"age"}],"consequent_param":"income","consequent":18000.0,"is_action":true,"is_collective":false}]}],"layers":null,"take_actions":[{"param":"income","value":18000.0}]}]}]},{"name":"HM6","information":[{"name":"-","activated":[{"name":"set1","layers_act":[{"name":"layer1","heuristics":[{"name":"HS1_L1_H7","antecedents":[{"const":8,"sign":">=","param":"age"},{"const":70,"sign":"<=","param":"age"},{"const":false,"sign":"==","param":"disability"}],"consequent_param":"income","consequent":10000.0,"is_action":true,"is_collective":false}]}],"layers":null,"take_actions":[{"param":"income","value":10000.0}]}]}]},{"name":"HM2","information":[{"name":"-","activated":[{"name":"set1","layers_act":[{"name":"layer1","heuristics":[{"name":"HS1_L1_H1","antecedents":[{"const":true,"sign":"==","param":"is_active"}],"consequent_param":"income","consequent":0.0,"is_action":false,"is_collective":false}]}],"layers":null,"take_actions":[{"param":"income","value":0.0}]}]}]},{"name":"HM4","information":[{"name":"-","activated":[{"name":"set1","layers_act":[{"name":"layer1","heuristics":[{"name":"HS1_L1_H6","antecedents":[{"const":18,"sign":">=","param":"age"},{"const":60,"sign":"<=","param":"age"},{"const":false,"sign":"==","param":"disability"},{"const":200000,"sign":">=","param":"savings"}],"consequent_param":"income","consequent":320000.0,"is_action":true,"is_collective":true}]}],"layers":null,"take_actions":[{"param":"income","value":320000.0}]},{"name":"set2","layers_act":[{"name":"layer1","heuristics":[{"name":"HS2_L1_H1","antecedents":[{"const":700,"sign":"<=","param":"price_of_timber"}],"consequent_param":"expenses","consequent":600.0,"is_action":true,"is_collective":false}]}],"layers":null,"take_actions":[{"param":"expenses","value":600.0}]}]}]},{"name":"HM1","information":[{"name":"-","activated":[{"name":"set1","layers_act":[{"name":"layer1","heuristics":[{"name":"HS1_L1_H2","antecedents":[{"const":18,"sign":">=","param":"age"},{"const":60,"sign":"<=","param":"age"},{"const":"male","sign":"==","param":"gender"},{"const":false,"sign":"==","param":"disability"},{"const":true,"sign":"==","param":"FE1_job_available"}],"consequent_param":"income","consequent":33000.0,"is_action":true,"is_collective":false}]}],"layers":null,"take_actions":[{"param":"income","value":33000.0}]},{"name":"set2","layers_act":[{"name":"layer1","heuristics":[{"name":"HS2_L1_H1","antecedents":[{"const":700,"sign":"<=","param":"price_of_timber"}],"consequent_param":"expenses","consequent":600.0,"is_action":true,"is_collective":false}]}],"layers":null,"take_actions":[{"param":"expenses","value":600.0}]}]}]},{"name":"HM7","information":[{"name":"-","activated":[{"name":"set1","layers_act":[{"name":"layer1","heuristics":[{"name":"HS1_L1_H7","antecedents":[{"const":8,"sign":">=","param":"age"},{"const":70,"sign":"<=","param":"age"},{"const":false,"sign":"==","param":"disability"}],"consequent_param":"income","consequent":10000.0,"is_action":true,"is_collective":false}]}],"layers":null,"take_actions":[{"param":"income","value":10000.0}]}]}]},{"name":"HM5","information":[{"name":"-","activated":[{"name":"set1","layers_act":[{"name":"layer1","heuristics":[{"name":"HS1_L1_H6","antecedents":[{"const":18,"sign":">=","param":"age"},{"const":60,"sign":"<=","param":"age"},{"const":false,"sign":"==","param":"disability"},{"const":200000,"sign":">=","param":"savings"}],"consequent_param":"income","consequent":320000.0,"is_action":true,"is_collective":true}]}],"layers":null,"take_actions":[{"param":"income","value":320000.0}]}]}]}]},{"period_number":4,"biomass":[95.27,95.27],"actors":[{"name":"FE1","information":[{"name":"site1","activated":[{"name":"set1","layers_act":[{"name":"layer1","heuristics":[{"name":"HS1_L1_H2","antecedents":[{"const":199,"sign":">=","param":"total_biomass"}],"consequent_param":"biomass_threshold","consequent":100.0,"is_action":true,"is_collective":false}]},{"name":"layer2","heuristics":[{"name":"HS1_L2_H2","antecedents":[{"const":100,"sign":"==","param":"biomass_threshold"}],"consequent_param":"harvest_percentage","consequent":10.0,"is_action":true,"is_collective":false}]}],"layers":null,"take_actions":[{"param":"wealth","value":10.585080000000003}]}]},{"name":"site2","activated":[{"name":"set1","layers_act":[{"name":"layer1","heuristics":[{"name":"HS1_L1_H2","antecedents":[{"const":199,"sign":">=","param":"total_biomass"}],"consequent_param":"biomass_threshold","consequent":100.0,"is_action":true,"is_collective":false}]},{"name":"layer2","heuristics":[{"name":"HS1_L2_H2","antecedents":[{"const":100,"sign":"==","param":"biomass_threshold"}],"consequent_param":"harvest_percentage","consequent":10.0,"is_action":true,"is_collective":false}]}],"layers":null,"take_actions":[{"param":"wealth","value":10.585080000000003}]}]}]},{"name":"HM3","information":[{"name":"-","activated":[{"name":"set1","layers_act":[{"name":"layer1","heuristics":[{"name":"HS1_L1_H4","antecedents":[{"const":60,"sign":">=","param":"age"}],"consequent_param":"income","consequent":18000.0,"is_action":true,"is_collective":false}]}],"layers":null,"take_actions":[{"param":"income","value":18000.0}]}]}]},{"name":"HM7","information":[{"name":"-","activated":[{"name":"set1","layers_act":[{"name":"layer1","heuristics":[{"name":"HS1_L1_H7","antecedents":[{"const":8,"sign":">=","param":"age"},{"const":70,"sign":"<=","param":"age"},{"const":false,"sign":"==","param":"disability"}],"consequent_param":"income","consequent":10000.0,"is_action":true,"is_collective":false}]}],"layers":null,"take_actions":[{"param":"income","value":10000.0}]}]}]},{"name":"HM1","information":[{"name":"-","activated":[{"name":"set1","layers_act":[{"name":"layer1","heuristics":[{"name":"HS1_L1_H2","antecedents":[{"const":18,"sign":">=","param":"age"},{"const":60,"sign":"<=","param":"age"},{"const":"male","sign":"==","param":"gender"},{"const":false,"sign":"==","param":"disability"},{"const":true,"sign":"==","param":"FE1_job_available"}],"consequent_param":"income","consequent":33000.0,"is_action":true,"is_collective":false}]}],"layers":null,"take_actions":[{"param":"income","value":33000.0}]},{"name":"set2","layers_act":[{"name":"layer1","heuristics":[{"name":"HS2_L1_H1","antecedents":[{"const":700,"sign":"<=","param":"price_of_timber"}],"consequent_param":"expenses","consequent":600.0,"is_action":true,"is_collective":false}]}],"layers":null,"take_actions":[{"param":"expenses","value":600.0}]}]}]},{"name":"HM6","information":[{"name":"-","activated":[{"name":"set1","layers_act":[{"name":"layer1","heuristics":[{"name":"HS1_L1_H7","antecedents":[{"const":8,"sign":">=","param":"age"},{"const":70,"sign":"<=","param":"age"},{"const":false,"sign":"==","param":"disability"}],"consequent_param":"income","consequent":10000.0,"is_action":true,"is_collective":false}]}],"layers":null,"take_actions":[{"param":"income","value":10000.0}]}]}]},{"name":"HM4","information":[{"name":"-","activated":[{"name":"set1","layers_act":[{"name":"layer1","heuristics":[{"name":"HS1_L1_H6","antecedents":[{"const":18,"sign":">=","param":"age"},{"const":60,"sign":"<=","param":"age"},{"const":false,"sign":"==","param":"disability"},{"const":200000,"sign":">=","param":"savings"}],"consequent_param":"income","consequent":320000.0,"is_action":true,"is_collective":true}]}],"layers":null,"take_actions":[{"param":"income","value":320000.0}]},{"name":"set2","layers_act":[{"name":"layer1","heuristics":[{"name":"HS2_L1_H1","antecedents":[{"const":700,"sign":"<=","param":"price_of_timber"}],"consequent_param":"expenses","consequent":600.0,"is_action":true,"is_collective":false}]}],"layers":null,"take_actions":[{"param":"expenses","value":600.0}]}]}]},{"name":"HM2","information":[{"name":"-","activated":[{"name":"set1","layers_act":[{"name":"layer1","heuristics":[{"name":"HS1_L1_H1","antecedents":[{"const":true,"sign":"==","param":"is_active"}],"consequent_param":"income","consequent":0.0,"is_action":false,"is_collective":false}]}],"layers":null,"take_actions":[{"param":"income","value":0.0}]}]}]},{"name":"HM5","information":[{"name":"-","activated":[{"name":"set1","layers_act":[{"name":"layer1","heuristics":[{"name":"HS1_L1_H6","antecedents":[{"const":18,"sign":">=","param":"age"},{"const":60,"sign":"<=","param":"age"},{"const":false,"sign":"==","param":"disability"},{"const":200000,"sign":">=","param":"savings"}],"consequent_param":"income","consequent":320000.0,"is_action":true,"is_collective":true}]}],"layers":null,"take_actions":[{"param":"income","value":320000.0}]}]}]}]},{"period_number":5,"biomass":[94.31,94.31],"actors":[{"name":"FE1","information":[{"name":"site1","activated":[{"name":"set1","layers_act":[{"name":"layer1","heuristics":[{"name":"HS1_L1_H2","antecedents":[{"const":199,"sign":">=","param":"total_biomass"}],"consequent_param":"biomass_threshold","consequent":100.0,"is_action":true,"is_collective":false}]},{"name":"layer2","heuristics":[{"name":"HS1_L2_H2","antecedents":[{"const":100,"sign":"==","param":"biomass_threshold"}],"consequent_param":"harvest_percentage","consequent":10.0,"is_action":true,"is_collective":false}]}],"layers":null,"take_actions":[{"param":"wealth","value":10.479229200000004}]}]},{"name":"site2","activated":[{"name":"set1","layers_act":[{"name":"layer1","heuristics":[{"name":"HS1_L1_H2","antecedents":[{"const":199,"sign":">=","param":"total_biomass"}],"consequent_param":"biomass_threshold","consequent":100.0,"is_action":true,"is_collective":false}]},{"name":"layer2","heuristics":[{"name":"HS1_L2_H2","antecedents":[{"const":100,"sign":"==","param":"biomass_threshold"}],"consequent_param":"harvest_percentage","consequent":10.0,"is_action":true,"is_collective":false}]}],"layers":null,"take_actions":[{"param":"wealth","value":10.479229200000004}]}]}]},{"name":"HM7","information":[{"name":"-","activated":[{"name":"set1","layers_act":[{"name":"layer1","heuristics":[{"name":"HS1_L1_H7","antecedents":[{"const":8,"sign":">=","param":"age"},{"const":70,"sign":"<=","param":"age"},{"const":false,"sign":"==","param":"disability"}],"consequent_param":"income","consequent":10000.0,"is_action":true,"is_collective":false}]}],"layers":null,"take_actions":[{"param":"income","value":10000.0}]}]}]},{"name":"HM6","information":[{"name":"-","activated":[{"name":"set1","layers_act":[{"name":"layer1","heuristics":[{"name":"HS1_L1_H7","antecedents":[{"const":8,"sign":">=","param":"age"},{"const":70,"sign":"<=","param":"age"},{"const":false,"sign":"==","param":"disability"}],"consequent_param":"income","consequent":10000.0,"is_action":true,"is_collective":false}]}],"layers":null,"take_actions":[{"param":"income","value":10000.0}]}]}]},{"name":"HM4","information":[{"name":"-","activated":[{"name":"set1","layers_act":[{"name":"layer1","heuristics":[{"name":"HS1_L1_H6","antecedents":[{"const":18,"sign":">=","param":"age"},{"const":60,"sign":"<=","param":"age"},{"const":false,"sign":"==","param":"disability"},{"const":200000,"sign":">=","param":"savings"}],"consequent_param":"income","consequent":320000.0,"is_action":true,"is_collective":true}]}],"layers":null,"take_actions":[{"param":"income","value":320000.0}]},{"name":"set2","layers_act":[{"name":"layer1","heuristics":[{"name":"HS2_L1_H1","antecedents":[{"const":700,"sign":"<=","param":"price_of_timber"}],"consequent_param":"expenses","consequent":600.0,"is_action":true,"is_collective":false}]}],"layers":null,"take_actions":[{"param":"expenses","value":600.0}]}]}]},{"name":"HM5","information":[{"name":"-","activated":[{"name":"set1","layers_act":[{"name":"layer1","heuristics":[{"name":"HS1_L1_H6","antecedents":[{"const":18,"sign":">=","param":"age"},{"const":60,"sign":"<=","param":"age"},{"const":false,"sign":"==","param":"disability"},{"const":200000,"sign":">=","param":"savings"}],"consequent_param":"income","consequent":320000.0,"is_action":true,"is_collective":true}]}],"layers":null,"take_actions":[{"param":"income","value":320000.0}]}]}]},{"name":"HM2","information":[{"name":"-","activated":[{"name":"set1","layers_act":[{"name":"layer1","heuristics":[{"name":"HS1_L1_H6","antecedents":[{"const":18,"sign":">=","param":"age"},{"const":60,"sign":"<=","param":"age"},{"const":false,"sign":"==","param":"disability"},{"const":200000,"sign":">=","param":"savings"}],"consequent_param":"income","consequent":320000.0,"is_action":true,"is_collective":true}]}],"layers":null,"take_actions":[{"param":"income","value":320000.0}]}]}]},{"name":"HM3","information":[{"name":"-","activated":[{"name":"set1","layers_act":[{"name":"layer1","heuristics":[{"name":"HS1_L1_H4","antecedents":[{"const":60,"sign":">=","param":"age"}],"consequent_param":"income","consequent":18000.0,"is_action":true,"is_collective":false}]}],"layers":null,"take_actions":[{"param":"income","value":18000.0}]}]}]},{"name":"HM1","information":[{"name":"-","activated":[{"name":"set1","layers_act":[{"name":"layer1","heuristics":[{"name":"HS1_L1_H2","antecedents":[{"const":18,"sign":">=","param":"age"},{"const":60,"sign":"<=","param":"age"},{"const":"male","sign":"==","param":"gender"},{"const":false,"sign":"==","param":"disability"},{"const":true,"sign":"==","param":"FE1_job_available"}],"consequent_param":"income","consequent":33000.0,"is_action":true,"is_collective":false}]}],"layers":null,"take_actions":[{"param":"income","value":33000.0}]},{"name":"set2","layers_act":[{"name":"layer1","heuristics":[{"name":"HS2_L1_H1","antecedents":[{"const":700,"sign":"<=","param":"price_of_timber"}],"consequent_param":"expenses","consequent":600.0,"is_action":true,"is_collective":false}]}],"layers":null,"take_actions":[{"param":"expenses","value":600.0}]}]}]}]}],"mental_models":[{"name":"FE1","mental":[{"name":"set1","layers_act":null,"layers":[{"name":"Layer1","heuristics":[{"name":"HS1_L1_H1","antecedents":[{"const":0,"sign":">=","param":"total_biomass"}],"consequent_param":"biomass_threshold","consequent":0.0,"is_action":false,"is_collective":false},{"name":"HS1_L1_H2","antecedents":[{"const":199,"sign":">=","param":"total_biomass"}],"consequent_param":"biomass_threshold","consequent":100.0,"is_action":true,"is_collective":false},{"name":"HS1_L1_H3","antecedents":[{"const":216.0,"sign":">=","param":"total_biomass"}],"consequent_param":"biomass_threshold","consequent":137.0,"is_action":true,"is_collective":false},{"name":"HS1_L1_H4","antecedents":[{"const":216.0,"sign":">=","param":"total_biomass"}],"consequent_param":"biomass_threshold","consequent":135.0,"is_action":true,"is_collective":false}]},{"name":"Layer2","heuristics":[{"name":"HS1_L2_H1","antecedents":[{"const":0,"sign":">=","param":"biomass_threshold"}],"consequent_param":"harvest_percentage","consequent":0.0,"is_action":false,"is_collective":false},{"name":"HS1_L2_H2","antecedents":[{"const":100,"sign":"==","param":"biomass_threshold"}],"consequent_param":"harvest_percentage","consequent":10.0,"is_action":true,"is_collective":false},{"name":"HS1_L2_H3","antecedents":[{"const":137.0,"sign":"==","param":"biomass_threshold"}],"consequent_param":"harvest_percentage","consequent":9.0,"is_action":true,"is_collective":false},{"name":"HS1_L2_H4","antecedents":[{"const":135.0,"sign":"==","param":"biomass_threshold"}],"consequent_param":"harvest_percentage","consequent":9.0,"is_action":true,"is_collective":false}]}],"take_actions":null}]},{"name":"HM1","mental":[{"name":"set1","layers_act":null,"layers":[{"name":"Layer1","heuristics":[{"name":"HS1_L1_H1","antecedents":[{"const":true,"sign":"==","param":"is_active"}],"consequent_param":"income","consequent":0.0,"is_action":false,"is_collective":false},{"name":"HS1_L1_H2","antecedents":[{"const":18,"sign":">=","param":"age"},{"const":60,"sign":"<=","param":"age"},{"const":"male","sign":"==","param":"gender"},{"const":false,"sign":"==","param":"disability"},{"const":true,"sign":"==","param":"FE1_job_available"}],"consequent_param":"income","consequent":33000.0,"is_action":true,"is_collective":false},{"name":"HS1_L1_H3","antecedents":[{"const":18,"sign":">=","param":"age"},{"const":60,"sign":"<=","param":"age"},{"const":"male","sign":"==","param":"gender"},{"const":false,"sign":"==","param":"disability"},{"const":false,"sign":"==","param":"FE1_job_available"}],"consequent_param":"income","consequent":160000.0,"is_action":true,"is_collective":false},{"name":"HS1_L1_H4","antecedents":[{"const":60,"sign":">=","param":"age"}],"consequent_param":"income","consequent":18000.0,"is_action":true,"is_collective":false},{"name":"HS1_L1_H6","antecedents":[{"const":18,"sign":">=","param":"age"},{"const":60,"sign":"<=","param":"age"},{"const":false,"sign":"==","param":"disability"},{"const":200000,"sign":">=","param":"savings"}],"consequent_param":"income","consequent":320000.0,"is_action":true,"is_collective":true}]}],"take_actions":null},{"name":"set2","layers_act":null,"layers":[{"name":"Layer1","heuristics":[{"name":"HS2_L1_H1","antecedents":[{"const":700,"sign":"<=","param":"price_of_timber"}],"consequent_param":"expenses","consequent":600.0,"is_action":true,"is_collective":false},{"name":"HS2_L1_H2","antecedents":[{"const":600,"sign":"<","param":"price_of_electricity"}],"consequent_param":"expenses","consequent":700.0,"is_action":true,"is_collective":false}]}],"take_actions":null}]},{"name":"HM2","mental":[{"name":"set1","layers_act":null,"layers":[{"name":"Layer1","heuristics":[{"name":"HS1_L1_H1","antecedents":[{"const":true,"sign":"==","param":"is_active"}],"consequent_param":"income","consequent":0.0,"is_action":false,"is_collective":false},{"name":"HS1_L1_H4","antecedents":[{"const":60,"sign":">=","param":"age"}],"consequent_param":"income","consequent":18000.0,"is_action":true,"is_collective":false},{"name":"HS1_L1_H2","antecedents":[{"const":18,"sign":">=","param":"age"},{"const":60,"sign":"<=","param":"age"},{"const":"male","sign":"==","param":"gender"},{"const":false,"sign":"==","param":"disability"},{"const":true,"sign":"==","param":"FE1_job_available"}],"consequent_param":"income","consequent":33000.0,"is_action":true,"is_collective":false},{"name":"HS1_L1_H6","antecedents":[{"const":18,"sign":">=","param":"age"},{"const":60,"sign":"<=","param":"age"},{"const":false,"sign":"==","param":"disability"},{"const":200000,"sign":">=","param":"savings"}],"consequent_param":"income","consequent":320000.0,"is_action":true,"is_collective":true}]}],"take_actions":null}]},{"name":"HM3","mental":[{"name":"set1","layers_act":null,"layers":[{"name":"Layer1","heuristics":[{"name":"HS1_L1_H1","antecedents":[{"const":true,"sign":"==","param":"is_active"}],"consequent_param":"income","consequent":0.0,"is_action":false,"is_collective":false},{"name":"HS1_L1_H4","antecedents":[{"const":60,"sign":">=","param":"age"}],"consequent_param":"income","consequent":18000.0,"is_action":true,"is_collective":false},{"name":"HS1_L1_H2","antecedents":[{"const":18,"sign":">=","param":"age"},{"const":60,"sign":"<=","param":"age"},{"const":"male","sign":"==","param":"gender"},{"const":false,"sign":"==","param":"disability"},{"const":true,"sign":"==","param":"FE1_job_available"}],"consequent_param":"income","consequent":33000.0,"is_action":true,"is_collective":false},{"name":"HS1_L1_H6","antecedents":[{"const":18,"sign":">=","param":"age"},{"const":60,"sign":"<=","param":"age"},{"const":false,"sign":"==","param":"disability"},{"const":200000,"sign":">=","param":"savings"}],"consequent_param":"income","consequent":320000.0,"is_action":true,"is_collective":true}]}],"take_actions":null}]},{"name":"HM4","mental":[{"name":"set1","layers_act":null,"layers":[{"name":"Layer1","heuristics":[{"name":"HS1_L1_H1","antecedents":[{"const":true,"sign":"==","param":"is_active"}],"consequent_param":"income","consequent":0.0,"is_action":false,"is_collective":false},{"name":"HS1_L1_H2","antecedents":[{"const":18,"sign":">=","param":"age"},{"const":60,"sign":"<=","param":"age"},{"const":"male","sign":"==","param":"gender"},{"const":false,"sign":"==","param":"disability"},{"const":true,"sign":"==","param":"FE1_job_available"}],"consequent_param":"income","consequent":33000.0,"is_action":true,"is_collective":false},{"name":"HS1_L1_H3","antecedents":[{"const":18,"sign":">=","param":"age"},{"const":60,"sign":"<=","param":"age"},{"const":"male","sign":"==","param":"gender"},{"const":false,"sign":"==","param":"disability"},{"const":false,"sign":"==","param":"FE1_job_available"}],"consequent_param":"income","consequent":160000.0,"is_action":true,"is_collective":false},{"name":"HS1_L1_H6","antecedents":[{"const":18,"sign":">=","param":"age"},{"const":60,"sign":"<=","param":"age"},{"const":false,"sign":"==","param":"disability"},{"const":200000,"sign":">=","param":"savings"}],"consequent_param":"income","consequent":320000.0,"is_action":true,"is_collective":true},{"name":"HS1_L1_H5","antecedents":[{"const":true,"sign":"==","param":"disability"}],"consequent_param":"income","consequent":18000.0,"is_action":true,"is_collective":false},{"name":"HS1_L1_H7","antecedents":[{"const":8,"sign":">=","param":"age"},{"const":70,"sign":"<=","param":"age"},{"const":false,"sign":"==","param":"disability"}],"consequent_param":"income","consequent":10000.0,"is_action":true,"is_collective":false}]}],"take_actions":null},{"name":"set2","layers_act":null,"layers":[{"name":"Layer1","heuristics":[{"name":"HS2_L1_H1","antecedents":[{"const":700,"sign":"<=","param":"price_of_timber"}],"consequent_param":"expenses","consequent":600.0,"is_action":true,"is_collective":false},{"name":"HS2_L1_H2","antecedents":[{"const":600,"sign":"<","param":"price_of_electricity"}],"consequent_param":"expenses","consequent":700.0,"is_action":true,"is_collective":false}]}],"take_actions":null}]},{"name":"HM5","mental":[{"name":"set1","layers_act":null,"layers":[{"name":"Layer1","heuristics":[{"name":"HS1_L1_H1","antecedents":[{"const":true,"sign":"==","param":"is_active"}],"consequent_param":"income","consequent":0.0,"is_action":false,"is_collective":false},{"name":"HS1_L1_H6","antecedents":[{"const":18,"sign":">=","param":"age"},{"const":60,"sign":"<=","param":"age"},{"const":false,"sign":"==","param":"disability"},{"const":200000,"sign":">=","param":"savings"}],"consequent_param":"income","consequent":320000.0,"is_action":true,"is_collective":true},{"name":"HS1_L1_H5","antecedents":[{"const":true,"sign":"==","param":"disability"}],"consequent_param":"income","consequent":18000.0,"is_action":true,"is_collective":false},{"name":"HS1_L1_H7","antecedents":[{"const":8,"sign":">=","param":"age"},{"const":70,"sign":"<=","param":"age"},{"const":false,"sign":"==","param":"disability"}],"consequent_param":"income","consequent":10000.0,"is_action":true,"is_collective":false}]}],"take_actions":null}]},{"name":"HM6","mental":[{"name":"set1","layers_act":null,"layers":[{"name":"Layer1","heuristics":[{"name":"HS1_L1_H1","antecedents":[{"const":true,"sign":"==","param":"is_active"}],"consequent_param":"income","consequent":0.0,"is_action":false,"is_collective":false},{"name":"HS1_L1_H5","antecedents":[{"const":true,"sign":"==","param":"disability"}],"consequent_param":"income","consequent":18000.0,"is_action":true,"is_collective":false},{"name":"HS1_L1_H6","antecedents":[{"const":18,"sign":">=","param":"age"},{"const":60,"sign":"<=","param":"age"},{"const":false,"sign":"==","param":"disability"},{"const":200000,"sign":">=","param":"savings"}],"consequent_param":"income","consequent":320000.0,"is_action":true,"is_collective":true},{"name":"HS1_L1_H7","antecedents":[{"const":8,"sign":">=","param":"age"},{"const":70,"sign":"<=","param":"age"},{"const":false,"sign":"==","param":"disability"}],"consequent_param":"income","consequent":10000.0,"is_action":true,"is_collective":false}]}],"take_actions":null}]},{"name":"HM7","mental":[{"name":"set1","layers_act":null,"layers":[{"name":"Layer1","heuristics":[{"name":"HS1_L1_H1","antecedents":[{"const":true,"sign":"==","param":"is_active"}],"consequent_param":"income","consequent":0.0,"is_action":false,"is_collective":false},{"name":"HS1_L1_H7","antecedents":[{"const":8,"sign":">=","param":"age"},{"const":70,"sign":"<=","param":"age"},{"const":false,"sign":"==","param":"disability"}],"consequent_param":"income","consequent":10000.0,"is_action":true,"is_collective":false},{"name":"HS1_L1_H6","antecedents":[{"const":18,"sign":">=","param":"age"},{"const":60,"sign":"<=","param":"age"},{"const":false,"sign":"==","param":"disability"},{"const":200000,"sign":">=","param":"savings"}],"consequent_param":"income","consequent":320000.0,"is_action":true,"is_collective":true},{"name":"HS1_L1_H5","antecedents":[{"const":true,"sign":"==","param":"disability"}],"consequent_param":"income","consequent":18000.0,"is_action":true,"is_collective":false}]}],"take_actions":null}]}],"households":[{"name":"H1","income":593000.0,"expenses":3600.0,"savings":589400.0},{"name":"H2","income":3958000.0,"expenses":3600.0,"savings":3954400.0}]}